point_0_x,point_0_y,point_1_x,point_1_y,point_2_x,point_2_y,point_3_x,point_3_y,point_4_x,point_4_y,point_5_x,point_5_y,point_6_x,point_6_y,point_7_x,point_7_y,point_8_x,point_8_y,point_9_x,point_9_y,point_10_x,point_10_y,point_11_x,point_11_y,point_12_x,point_12_y,point_13_x,point_13_y,point_14_x,point_14_y,point_15_x,point_15_y,point_16_x,point_16_y,point_17_x,point_17_y,point_18_x,point_18_y,point_19_x,point_19_y,point_20_x,point_20_y
0.7927396297454834,0.8332656621932983,0.6886518001556396,0.81211256980896,0.5997616052627563,0.7581676840782166,0.5205821394920349,0.7238454222679138,0.447920560836792,0.7171198129653931,0.6526466608047485,0.5563772916793823,0.6066827178001404,0.42510536313056946,0.5793180465698242,0.34043267369270325,0.5604925155639648,0.26306262612342834,0.7147488594055176,0.5261310935020447,0.6863235235214233,0.37273383140563965,0.668916642665863,0.26880568265914917,0.6573541760444641,0.1768481731414795,0.7755383849143982,0.5296318531036377,0.7800955772399902,0.3814942240715027,0.7764894962310791,0.28036224842071533,0.7713150978088379,0.19037052989006042,0.8367951512336731,0.5584244132041931,0.8731244802474976,0.44654184579849243,0.8916975855827332,0.36552953720092773,0.9034568667411804,0.28744256496429443
0.813575267791748,0.8545891046524048,0.7032114863395691,0.825311005115509,0.6025701761245728,0.7624887228012085,0.5140975713729858,0.7299515604972839,0.43604207038879395,0.7287466526031494,0.6608601808547974,0.5335996150970459,0.6071069240570068,0.39195770025253296,0.5757390856742859,0.30423063039779663,0.5546385049819946,0.22464671730995178,0.7258557081222534,0.5011714696884155,0.6897669434547424,0.3319988250732422,0.6680583953857422,0.22032955288887024,0.6534060835838318,0.12402459979057312,0.7928725481033325,0.5066860914230347,0.7907365560531616,0.3411727845668793,0.7843207120895386,0.23145842552185059,0.775641143321991,0.13429570198059082,0.8613356351852417,0.5405566096305847,0.8958613276481628,0.41488951444625854,0.9120801091194153,0.32616376876831055,0.9205324649810791,0.2418438196182251
0.7522256374359131,0.8694285154342651,0.6326899528503418,0.8277407884597778,0.5400168895721436,0.7607211470603943,0.45619773864746094,0.7208378911018372,0.3728640675544739,0.6938825845718384,0.6070559620857239,0.5323547124862671,0.5578380823135376,0.38741323351860046,0.5282941460609436,0.29035845398902893,0.5107908248901367,0.20663690567016602,0.6801235675811768,0.5084839463233948,0.6510549783706665,0.3282022476196289,0.6371127963066101,0.20884746313095093,0.6294347643852234,0.10062047839164734,0.7504778504371643,0.5180350542068481,0.7536922693252563,0.3484136760234833,0.7526236176490784,0.2362978458404541,0.7484226226806641,0.1351996660232544,0.8199169039726257,0.5467177629470825,0.8577049970626831,0.4201069474220276,0.8772159814834595,0.33131545782089233,0.8890065550804138,0.24294602870941162
0.6180670857429504,0.9081587791442871,0.5039570927619934,0.8608666658401489,0.4054794907569885,0.7807070016860962,0.3154905438423157,0.7337184548377991,0.23085030913352966,0.7243702411651611,0.4788879156112671,0.5345031023025513,0.4349229335784912,0.3704538345336914,0.4067012667655945,0.264302521944046,0.38805216550827026,0.16853731870651245,0.5527017712593079,0.5072392225265503,0.5330430269241333,0.31498247385025024,0.5203076601028442,0.1844262182712555,0.5120020508766174,0.06816160678863525,0.6253892779350281,0.5232210755348206,0.639983594417572,0.33991795778274536,0.6439027786254883,0.22016111016273499,0.6433830857276917,0.11208850145339966,0.6964960098266602,0.5702309012413025,0.7490770816802979,0.4392944276332855,0.7794580459594727,0.3458884358406067,0.8011605739593506,0.2558104395866394
0.6228238344192505,0.9028540849685669,0.5086060166358948,0.8581913709640503,0.41083723306655884,0.7814099788665771,0.32012301683425903,0.7372158765792847,0.23381781578063965,0.7248533368110657,0.48148536682128906,0.534055769443512,0.4402713179588318,0.36793872714042664,0.411247581243515,0.260568767786026,0.39057809114456177,0.1639164686203003,0.5566102266311646,0.5083286762237549,0.536626398563385,0.31500595808029175,0.5245880484580994,0.18377861380577087,0.516240119934082,0.06660526990890503,0.629342257976532,0.5262917876243591,0.6422317624092102,0.3408324122428894,0.6445255875587463,0.22018888592720032,0.6423637270927429,0.10977053642272949,0.700618326663971,0.5751523971557617,0.7533695101737976,0.44278645515441895,0.7830597758293152,0.3482959568500519,0.8037568926811218,0.2555635869503021
0.6230238676071167,0.9070651531219482,0.5115936994552612,0.8597497344017029,0.41590410470962524,0.7803799510002136,0.3277119994163513,0.7317214608192444,0.24290233850479126,0.7175069451332092,0.48645395040512085,0.5359567999839783,0.44504866003990173,0.36872968077659607,0.416157066822052,0.2606814205646515,0.39589187502861023,0.16325300931930542,0.5616142153739929,0.5098217725753784,0.5432514548301697,0.3153080344200134,0.5321248769760132,0.18421515822410583,0.5244945883750916,0.06731793284416199,0.634650707244873,0.5289527177810669,0.6486819386482239,0.34204283356666565,0.6530590653419495,0.2195194661617279,0.6520249247550964,0.10806739330291748,0.7062011957168579,0.579933226108551,0.7591285109519958,0.4461248517036438,0.7890846729278564,0.3516889810562134,0.8089698553085327,0.2605048716068268
0.6492258906364441,0.9429125189781189,0.5353074669837952,0.8987902402877808,0.4387762248516083,0.8226880431175232,0.3494858741760254,0.7775992155075073,0.265359103679657,0.764326274394989,0.5147879123687744,0.5735299587249756,0.47078511118888855,0.4093382954597473,0.4427449405193329,0.3044361472129822,0.423971027135849,0.2102421522140503,0.5888184309005737,0.5468381643295288,0.571160614490509,0.35710155963897705,0.5606746673583984,0.2302866280078888,0.5541554093360901,0.11863020062446594,0.6604129076004028,0.5643899440765381,0.676521897315979,0.3828486204147339,0.6819651126861572,0.26470986008644104,0.682979941368103,0.15731269121170044,0.7306245565414429,0.6139376759529114,0.7857171297073364,0.4874745011329651,0.8161259293556213,0.3958479166030884,0.8372790813446045,0.3065263330936432
0.5926715135574341,0.9705070853233337,0.4728005528450012,0.9256904721260071,0.3708614110946655,0.8417630195617676,0.2658880352973938,0.7884811758995056,0.16787627339363098,0.7658964395523071,0.4587761461734772,0.5713998675346375,0.41649556159973145,0.38891106843948364,0.3870319426059723,0.2701736092567444,0.36547642946243286,0.16175547242164612,0.544181227684021,0.5473935604095459,0.5297659635543823,0.3357725739479065,0.5191926956176758,0.1923159658908844,0.5111857056617737,0.06280159950256348,0.6245346665382385,0.5716683268547058,0.6464952230453491,0.37130945920944214,0.653781533241272,0.2379452884197235,0.6547127366065979,0.11651000380516052,0.7026451826095581,0.6284745931625366,0.7634214162826538,0.4853849411010742,0.7990103960037231,0.3848065137863159,0.8239887356758118,0.2873859107494354
0.7601600289344788,0.7311102151870728,0.6716620326042175,0.7022230625152588,0.5895777344703674,0.6534420847892761,0.5176582336425781,0.6193826794624329,0.4603366255760193,0.5921199917793274,0.6413476467132568,0.46685370802879333,0.5946216583251953,0.3521372377872467,0.5678101181983948,0.2800930440425873,0.550348162651062,0.2159092128276825,0.6927772760391235,0.4401150047779083,0.6635607481002808,0.3012961149215698,0.6489196419715881,0.21311363577842712,0.6392606496810913,0.13682669401168823,0.7474523186683655,0.44328543543815613,0.7409406304359436,0.3087292015552521,0.7382742762565613,0.22388207912445068,0.7337062358856201,0.14877405762672424,0.8040376901626587,0.4692264199256897,0.8268947601318359,0.36819761991500854,0.8394831418991089,0.29897642135620117,0.8472372889518738,0.23343142867088318
0.7484292984008789,0.8183549046516418,0.6476016044616699,0.7776325345039368,0.5576919317245483,0.7069951891899109,0.4812524616718292,0.6653733253479004,0.4134100675582886,0.6426301002502441,0.6243126392364502,0.4997501075267792,0.5730310082435608,0.3614250123500824,0.5438836812973022,0.2748134732246399,0.5242934823036194,0.19772183895111084,0.6863604187965393,0.4745493531227112,0.6596522331237793,0.30989041924476624,0.6463623046875,0.20321908593177795,0.637498676776886,0.11079442501068115,0.7501059770584106,0.4847640097141266,0.7494058609008789,0.3240383267402649,0.7509022355079651,0.22154366970062256,0.7486886978149414,0.1287054717540741,0.8151639699935913,0.5215208530426025,0.8512669801712036,0.40543800592422485,0.8727659583091736,0.3233526945114136,0.8869798183441162,0.24449720978736877
0.7456883788108826,0.8160879015922546,0.6467828154563904,0.7734102010726929,0.5563223958015442,0.7037904262542725,0.4792948067188263,0.6639672517776489,0.41078540682792664,0.6432238817214966,0.6224961280822754,0.49889951944351196,0.5714314579963684,0.36134886741638184,0.5424110889434814,0.274859219789505,0.5230181813240051,0.1977783441543579,0.6845692992210388,0.4745236039161682,0.6576272249221802,0.30972030758857727,0.6445728540420532,0.2036350965499878,0.6359015107154846,0.11229813098907471,0.748355507850647,0.485047310590744,0.7473117113113403,0.32403767108917236,0.7479413747787476,0.22118037939071655,0.7451030611991882,0.12820449471473694,0.8135850429534912,0.5220038890838623,0.8499932289123535,0.40641480684280396,0.8719795346260071,0.3239094614982605,0.8866442441940308,0.24455344676971436
0.6836995482444763,0.8477206230163574,0.5807435512542725,0.7966674566268921,0.4883038401603699,0.7231314182281494,0.4022446870803833,0.6809143424034119,0.32376205921173096,0.6646906137466431,0.564597487449646,0.4971781075000763,0.5216763615608215,0.3429673910140991,0.49557924270629883,0.24669229984283447,0.4780726432800293,0.16169428825378418,0.6338021159172058,0.4766414165496826,0.6165067553520203,0.2971707582473755,0.6083164811134338,0.1812897026538849,0.6039815545082092,0.08163455128669739,0.7021387219429016,0.49492254853248596,0.7111279368400574,0.32289552688598633,0.7163647413253784,0.21331638097763062,0.7173013091087341,0.11517730355262756,0.7692868709564209,0.5404558181762695,0.8138108849525452,0.41915109753608704,0.8403737545013428,0.3339025378227234,0.859246551990509,0.25298798084259033
0.7144998908042908,0.8631200790405273,0.6114917397499084,0.8134070634841919,0.5177052617073059,0.7391852736473083,0.43086785078048706,0.6951786279678345,0.3519804775714874,0.6753397583961487,0.597245454788208,0.5083768367767334,0.5512584447860718,0.3523779511451721,0.5256718993186951,0.25465863943099976,0.5094506740570068,0.1683405637741089,0.6677857041358948,0.4865698218345642,0.6509048342704773,0.3034616708755493,0.6429039239883423,0.18712592124938965,0.6382483243942261,0.08727642893791199,0.7365512847900391,0.5049105882644653,0.745762825012207,0.3307006359100342,0.7511105537414551,0.21965625882148743,0.7516447901725769,0.11946132779121399,0.8040345907211304,0.5515347123146057,0.8472369909286499,0.42786091566085815,0.8723061084747314,0.34124213457107544,0.8889689445495605,0.25741660594940186
0.6188470125198364,0.8893996477127075,0.5113881230354309,0.8407225012779236,0.41334158182144165,0.7683760523796082,0.3237742483615875,0.7276738882064819,0.2453635036945343,0.7112051248550415,0.49001309275627136,0.5245954394340515,0.4513634741306305,0.3663943409919739,0.4289975166320801,0.26820284128189087,0.41403788328170776,0.1816401183605194,0.5620093941688538,0.503980815410614,0.5483890771865845,0.32227641344070435,0.5430373549461365,0.20377078652381897,0.5408985018730164,0.10502025485038757,0.6321340203285217,0.523678719997406,0.6450086832046509,0.35210978984832764,0.6500804424285889,0.24376434087753296,0.6521546840667725,0.1464858055114746,0.6995234489440918,0.5740526914596558,0.7522424459457397,0.45875853300094604,0.7841641306877136,0.3742302656173706,0.8094943761825562,0.2912706434726715
0.317513108253479,0.9166476130485535,0.44452324509620667,0.8863562345504761,0.5585846900939941,0.8162022233009338,0.6573910713195801,0.7768585681915283,0.7433950304985046,0.7591497302055359,0.4980727434158325,0.5356312394142151,0.5600608587265015,0.3804270625114441,0.6041095852851868,0.2850406765937805,0.64316326379776,0.19979232549667358,0.4243229329586029,0.4991220533847809,0.4688689410686493,0.3080924153327942,0.5030985474586487,0.18360635638237,0.5321317911148071,0.0760381817817688,0.34664490818977356,0.5084532499313354,0.36590641736984253,0.32303956151008606,0.38200896978378296,0.19953608512878418,0.4002421200275421,0.08975470066070557,0.2653433382511139,0.5530523061752319,0.2531229257583618,0.4006422162055969,0.2459612339735031,0.2949892282485962,0.2454451620578766,0.19191738963127136
0.3526466488838196,0.9583236575126648,0.48061805963516235,0.9298527240753174,0.5982946753501892,0.8603865504264832,0.70508873462677,0.8192735314369202,0.802515983581543,0.7954533100128174,0.5283979773521423,0.552406370639801,0.5865694284439087,0.3807593584060669,0.6299964785575867,0.27670690417289734,0.6697081327438354,0.1855006217956543,0.45034322142601013,0.5185790061950684,0.4925539493560791,0.3139541745185852,0.5263295769691467,0.17944088578224182,0.5559899210929871,0.06488275527954102,0.3672369420528412,0.5314966440200806,0.38315078616142273,0.329050213098526,0.3978716731071472,0.19592681527137756,0.4159364402294159,0.07884001731872559,0.2795994281768799,0.5804294943809509,0.2639208436012268,0.41813355684280396,0.25658684968948364,0.3070089817047119,0.2562206983566284,0.19920065999031067
0.3323865234851837,0.8018999099731445,0.4194340109825134,0.7847446203231812,0.49530139565467834,0.7346408367156982,0.5618089437484741,0.7053877115249634,0.6220492124557495,0.7052174806594849,0.4568747282028198,0.5475946664810181,0.5020075440406799,0.4418117105960846,0.5301231145858765,0.37726902961730957,0.5525547862052917,0.319737046957016,0.4083918333053589,0.5241298079490662,0.4445635974407196,0.39582115411758423,0.4690767228603363,0.31345227360725403,0.48722347617149353,0.2421444058418274,0.35655781626701355,0.5280495882034302,0.37478941679000854,0.40456849336624146,0.389753133058548,0.3241922855377197,0.4039982855319977,0.2540222406387329,0.301485538482666,0.5540723204612732,0.2946217656135559,0.4517171382904053,0.2910638451576233,0.3827296793460846,0.2908901572227478,0.3161625564098358
0.2991929352283478,0.9064169526100159,0.4185684621334076,0.8838545083999634,0.5275980830192566,0.8240622878074646,0.6230524182319641,0.7905518412590027,0.7087616920471191,0.784395158290863,0.47555315494537354,0.5509030818939209,0.5333160758018494,0.3986259996891022,0.5712193250656128,0.30417144298553467,0.6052372455596924,0.21962514519691467,0.4045415222644806,0.5170758962631226,0.4510308802127838,0.3337611258029938,0.48506996035575867,0.21336635947227478,0.5150254964828491,0.11192983388900757,0.3300909399986267,0.5258633494377136,0.3583311140537262,0.34860044717788696,0.380796879529953,0.23287644982337952,0.4043719172477722,0.13466867804527283,0.25185269117355347,0.5665162205696106,0.24840089678764343,0.42005324363708496,0.24880284070968628,0.31805163621902466,0.25547483563423157,0.2210330069065094
0.309902548789978,0.8898853063583374,0.41786015033721924,0.8607316017150879,0.5153469443321228,0.8035119771957397,0.600799560546875,0.7724473476409912,0.6802035570144653,0.7684584856033325,0.46282362937927246,0.5731562376022339,0.5125612020492554,0.4363024830818176,0.5461344718933105,0.3491620421409607,0.5737409591674805,0.2733871042728424,0.39984986186027527,0.5395601987838745,0.43435508012771606,0.3687119483947754,0.45780810713768005,0.26017528772354126,0.47510379552841187,0.16801047325134277,0.33286458253860474,0.5478025674819946,0.3391035199165344,0.3821490406990051,0.3460383713245392,0.2719556987285614,0.35340064764022827,0.1785513460636139,0.26482483744621277,0.5900576710700989,0.219612717628479,0.4651402533054352,0.18993034958839417,0.38270410895347595,0.16723006963729858,0.3029170334339142
0.7578051090240479,0.8847945928573608,0.6535164713859558,0.8666979074478149,0.5631663799285889,0.8193972706794739,0.4836909770965576,0.7926241755485535,0.41104382276535034,0.7847017049789429,0.6060044765472412,0.6083251237869263,0.5583757162094116,0.48199304938316345,0.528343677520752,0.4016355276107788,0.5061963796615601,0.3279759883880615,0.6684305667877197,0.5716501474380493,0.6363303661346436,0.4162213206291199,0.6156861782073975,0.31299254298210144,0.6016397476196289,0.22154608368873596,0.7306870818138123,0.5720726847648621,0.7402490973472595,0.4201440215110779,0.742201566696167,0.3220079243183136,0.7419304847717285,0.2360963225364685,0.7931090593338013,0.5998830199241638,0.8337613344192505,0.4869357943534851,0.8563733100891113,0.40755438804626465,0.8717721700668335,0.33075809478759766
0.7523943781852722,0.8183573484420776,0.6619417667388916,0.8062595725059509,0.5858224034309387,0.7487688660621643,0.524635374546051,0.713747501373291,0.46728891134262085,0.7029841542243958,0.6251038908958435,0.5726128816604614,0.5850501656532288,0.46638137102127075,0.5634465217590332,0.4027869701385498,0.5478401780128479,0.34690332412719727,0.6748687028884888,0.543358564376831,0.6449426412582397,0.41644540429115295,0.6277337074279785,0.337321937084198,0.6157634258270264,0.27398592233657837,0.7254949808120728,0.5415827631950378,0.716508686542511,0.41758790612220764,0.7099087834358215,0.3444026708602905,0.7014515399932861,0.28127196431159973,0.775122880935669,0.5606614351272583,0.7924003005027771,0.4716656506061554,0.7991074323654175,0.412411630153656,0.8006912469863892,0.3554475009441376
0.6640219688415527,0.959528923034668,0.5579370856285095,0.9346605539321899,0.4589790105819702,0.8749091029167175,0.3725643754005432,0.8388395309448242,0.29583877325057983,0.823674201965332,0.5131992101669312,0.6396051049232483,0.46499502658843994,0.4999578595161438,0.43176284432411194,0.4097899794578552,0.4066816568374634,0.3288567364215851,0.5734665393829346,0.6043833494186401,0.5361565351486206,0.43724194169044495,0.5136018395423889,0.32810690999031067,0.4964430630207062,0.23332273960113525,0.6390754580497742,0.6076588034629822,0.6351988911628723,0.4398138225078583,0.6309413313865662,0.3318502902984619,0.6225857734680176,0.23631569743156433,0.7076647281646729,0.6400192975997925,0.7411619424819946,0.5136379599571228,0.758520781993866,0.42555874586105347,0.7678651213645935,0.34277182817459106
0.24613851308822632,0.7508429288864136,0.3351743519306183,0.7333060503005981,0.41427522897720337,0.6799030303955078,0.48505908250808716,0.6534885168075562,0.5480215549468994,0.6530095338821411,0.3859509825706482,0.4976182281970978,0.4267287254333496,0.3954595625400543,0.4501429796218872,0.33431515097618103,0.469759464263916,0.27683502435684204,0.3386223316192627,0.46949198842048645,0.3683364689350128,0.34990328550338745,0.38713762164115906,0.27281323075294495,0.4013597071170807,0.20654845237731934,0.2877683937549591,0.46997466683387756,0.3007664680480957,0.3544890880584717,0.31201428174972534,0.2793806195259094,0.32285186648368835,0.21412765979766846,0.23370203375816345,0.4940122365951538,0.2150401622056961,0.3963945508003235,0.20545652508735657,0.3305121958255768,0.2005627304315567,0.2679322063922882
0.27645963430404663,0.7877528071403503,0.3611129820346832,0.7708103656768799,0.4365914463996887,0.7227463722229004,0.502352774143219,0.6952296495437622,0.5609208345413208,0.6845937371253967,0.40473318099975586,0.5260083675384521,0.4421822130680084,0.42125174403190613,0.46525830030441284,0.35925209522247314,0.4842691719532013,0.3032391369342804,0.35556456446647644,0.4998689889907837,0.38348472118377686,0.37442684173583984,0.40295350551605225,0.2973552346229553,0.4184023141860962,0.2329898476600647,0.304442822933197,0.5036548376083374,0.3127410113811493,0.38262704014778137,0.32339605689048767,0.3058348298072815,0.33481064438819885,0.2402617335319519,0.2511175572872162,0.5318218469619751,0.23382143676280975,0.43148669600486755,0.22404786944389343,0.3658010959625244,0.21920746564865112,0.30306553840637207
0.2627914249897003,0.7295387983322144,0.33276697993278503,0.7116437554359436,0.3953925371170044,0.6636297106742859,0.4530990719795227,0.6364298462867737,0.5035767555236816,0.63724684715271,0.36484652757644653,0.5063081979751587,0.39786747097969055,0.4170539975166321,0.4168246388435364,0.35990411043167114,0.4309287369251251,0.3081572651863098,0.3233340382575989,0.48590636253356934,0.34891605377197266,0.3792898654937744,0.36204883456230164,0.3111685812473297,0.37051600217819214,0.2524017095565796,0.27968913316726685,0.48922768235206604,0.2941693961620331,0.38576680421829224,0.3037821054458618,0.3193572163581848,0.3120277225971222,0.26191890239715576,0.23272326588630676,0.5123071670532227,0.22256335616111755,0.4279900789260864,0.21598762273788452,0.3709681034088135,0.21259330213069916,0.3160926103591919
0.32105374336242676,0.7583104372024536,0.39343705773353577,0.744363009929657,0.4584372341632843,0.7018488645553589,0.5167146921157837,0.6746812462806702,0.5721965432167053,0.678280234336853,0.4251234233379364,0.5289131999015808,0.46570611000061035,0.4355676770210266,0.49016451835632324,0.37521836161613464,0.5092319250106812,0.3209138810634613,0.3803898096084595,0.5037205219268799,0.40946102142333984,0.3848385214805603,0.42834532260894775,0.31006312370300293,0.44155508279800415,0.24493786692619324,0.33276164531707764,0.5086835622787476,0.33929213881492615,0.39402997493743896,0.345302015542984,0.3151811361312866,0.3506944179534912,0.24767959117889404,0.2832174301147461,0.5375142097473145,0.2532610595226288,0.4457228183746338,0.23366756737232208,0.3826747536659241,0.2187841236591339,0.32108551263809204
0.33929264545440674,0.8207280039787292,0.42424339056015015,0.8022886514663696,0.5014105439186096,0.7606024742126465,0.5726679563522339,0.7352689504623413,0.6393589973449707,0.7323431372642517,0.4559154808521271,0.5551273226737976,0.4981684386730194,0.443560391664505,0.5255306363105774,0.3737756609916687,0.5479795932769775,0.31089237332344055,0.4026441276073456,0.5278976559638977,0.4309389293193817,0.38475343585014343,0.451882004737854,0.29594141244888306,0.466970294713974,0.22008803486824036,0.34796008467674255,0.5356343388557434,0.34976181387901306,0.40127450227737427,0.35232973098754883,0.31014391779899597,0.3552228808403015,0.23137524724006653,0.2921271324157715,0.5709933638572693,0.2686854302883148,0.46379613876342773,0.2552606761455536,0.39045342803001404,0.24633008241653442,0.3191152513027191
0.7233723998069763,0.7956217527389526,0.6524714231491089,0.7803623676300049,0.5852108001708984,0.738392174243927,0.530863881111145,0.7128840088844299,0.4848234951496124,0.7061989307403564,0.6182734966278076,0.5810827016830444,0.5885512232780457,0.4899618923664093,0.5729711055755615,0.430756151676178,0.5630692839622498,0.3800080418586731,0.6606144309043884,0.5573115944862366,0.6416861414909363,0.446766197681427,0.6331347227096558,0.37420886754989624,0.6284037828445435,0.31444066762924194,0.7057675123214722,0.558045506477356,0.7070356011390686,0.454367995262146,0.7063521146774292,0.38552454113960266,0.7039907574653625,0.32610586285591125,0.7519822120666504,0.5797255039215088,0.7794164419174194,0.5024623274803162,0.7960259914398193,0.4474569261074066,0.8079354166984558,0.3968210816383362
0.7152978181838989,0.8199849128723145,0.6364996433258057,0.7988090515136719,0.5648843050003052,0.7549020648002625,0.5047398805618286,0.7258706092834473,0.45128321647644043,0.715190052986145,0.6037966012954712,0.5784571170806885,0.5665338635444641,0.47583386301994324,0.5465955138206482,0.4099690914154053,0.5333734750747681,0.35156023502349854,0.6523799896240234,0.5541009902954102,0.6305801272392273,0.4311935007572174,0.619637668132782,0.3510986268520355,0.6125391721725464,0.28316813707351685,0.7030887603759766,0.5586609840393066,0.7066577672958374,0.440624475479126,0.7070515751838684,0.3631288409233093,0.7045959234237671,0.2942918539047241,0.7537369728088379,0.5864324569702148,0.7845931053161621,0.49878785014152527,0.8021520376205444,0.43647801876068115,0.8140782713890076,0.37657517194747925
0.7070823311805725,0.8649013042449951,0.6171896457672119,0.8463423848152161,0.5339274406433105,0.8066169619560242,0.4626621603965759,0.7829434871673584,0.40130093693733215,0.7785277962684631,0.5764071941375732,0.6061252951622009,0.5322737693786621,0.4938948452472687,0.509680449962616,0.42198115587234497,0.49620717763900757,0.35779714584350586,0.6318715810775757,0.5763874650001526,0.6081205606460571,0.4374285340309143,0.5962727665901184,0.3450927138328552,0.5902029871940613,0.2690117657184601,0.6882107853889465,0.5815308690071106,0.6959576606750488,0.44991016387939453,0.6982366442680359,0.3631715774536133,0.6984530091285706,0.28493034839630127,0.7437127232551575,0.6148980259895325,0.7856625318527222,0.5208496451377869,0.8106222748756409,0.4526344835758209,0.8295799493789673,0.38567614555358887
0.6858710050582886,0.8645212650299072,0.5786352753639221,0.843787431716919,0.47892460227012634,0.7949316501617432,0.39294135570526123,0.7664791345596313,0.3150657117366791,0.765587568283081,0.5273663997650146,0.5522366166114807,0.47999143600463867,0.41020578145980835,0.4477696418762207,0.3204401433467865,0.4239591360092163,0.23762750625610352,0.5919684767723083,0.5160484910011292,0.5636141300201416,0.3443061113357544,0.5460774898529053,0.2297452688217163,0.5348692536354065,0.12937718629837036,0.6596430540084839,0.5224138498306274,0.6745432019233704,0.353548526763916,0.6802230477333069,0.24301892518997192,0.6818509697914124,0.1435999572277069,0.7275586128234863,0.5639763474464417,0.7844201326370239,0.4459429681301117,0.8189972043037415,0.3597281575202942,0.8450813889503479,0.2769068479537964
0.6481345891952515,0.7947617173194885,0.5519019365310669,0.7502528429031372,0.4669525623321533,0.6838327646255493,0.39806222915649414,0.6427451372146606,0.33581262826919556,0.6260692477226257,0.5372556447982788,0.4832334518432617,0.5024829506874084,0.3506524860858917,0.48304426670074463,0.2669176757335663,0.47100216150283813,0.1930113136768341,0.5982982516288757,0.4653182327747345,0.583890974521637,0.30804526805877686,0.5772213339805603,0.20442718267440796,0.5742392539978027,0.11717447638511658,0.658136785030365,0.48016849160194397,0.6741676926612854,0.33243346214294434,0.6836070418357849,0.23686620593070984,0.689060628414154,0.15202215313911438,0.7148857116699219,0.5210838317871094,0.7582660913467407,0.41659268736839294,0.7853443622589111,0.3437691032886505,0.8054715394973755,0.2735825777053833
0.4415219724178314,0.8655316829681396,0.5453025102615356,0.8418293595314026,0.6411259174346924,0.7887640595436096,0.7268638610839844,0.7631248235702515,0.8070721626281738,0.7604068517684937,0.588965654373169,0.5529090762138367,0.6437370777130127,0.42363762855529785,0.6810009479522705,0.34004339575767517,0.7117190361022949,0.26172757148742676,0.5266412496566772,0.518955647945404,0.5617840886116028,0.34946751594543457,0.5880837440490723,0.2419992983341217,0.6087295413017273,0.14711079001426697,0.45998165011405945,0.5309390425682068,0.4720057249069214,0.37035825848579407,0.48768001794815063,0.25751492381095886,0.5027740001678467,0.1536695659160614,0.3934231102466583,0.5785254240036011,0.36437737941741943,0.4529661238193512,0.3464404344558716,0.36213767528533936,0.3333827257156372,0.2688935399055481
0.41429996490478516,0.8471339344978333,0.5177701115608215,0.8277561664581299,0.6134629249572754,0.7861170172691345,0.6959910988807678,0.767491340637207,0.7742617130279541,0.7695356607437134,0.5695583820343018,0.5400336980819702,0.6262348294258118,0.4134686291217804,0.6655576229095459,0.3359920382499695,0.699738085269928,0.26333099603652954,0.5099064707756042,0.5058793425559998,0.5510287880897522,0.34164029359817505,0.5835307836532593,0.24029681086540222,0.6110330820083618,0.1505001187324524,0.4452393054962158,0.5143859386444092,0.4645114541053772,0.35738757252693176,0.4850173890590668,0.24921318888664246,0.5059264898300171,0.1503751277923584,0.3776654601097107,0.5560075640678406,0.35906946659088135,0.4308187961578369,0.35020530223846436,0.3407101631164551,0.34660929441452026,0.24897348880767822
0.7044454216957092,0.8203161954879761,0.6132326722145081,0.7794379591941833,0.5296736359596252,0.7217791676521301,0.4577205777168274,0.6882733106613159,0.393089234828949,0.6782346963882446,0.5946246981620789,0.5318303108215332,0.5581644177436829,0.4039057791233063,0.5367424488067627,0.3223644196987152,0.5224473476409912,0.24956989288330078,0.6531075239181519,0.5125418305397034,0.6391879320144653,0.35968977212905884,0.63367760181427,0.2586299180984497,0.6320027112960815,0.17192617058753967,0.710869312286377,0.5258089303970337,0.7221011519432068,0.38048893213272095,0.7274211645126343,0.28762829303741455,0.7293961644172668,0.20568794012069702,0.7675741910934448,0.564576268196106,0.8085917234420776,0.46222779154777527,0.8333519697189331,0.38932350277900696,0.8515616059303284,0.32037946581840515
0.6357083320617676,0.8017688989639282,0.5505245923995972,0.7652599811553955,0.4734936058521271,0.7124196290969849,0.4062190055847168,0.6805413961410522,0.34492093324661255,0.6676666736602783,0.5255744457244873,0.5324383974075317,0.49353131651878357,0.41642510890960693,0.47488343715667725,0.34305310249328613,0.4624744951725006,0.2766531705856323,0.5801293849945068,0.5142353773117065,0.5697821974754333,0.375127375125885,0.5646335482597351,0.28245145082473755,0.5617610216140747,0.20156365633010864,0.6340418457984924,0.527453601360321,0.6475741267204285,0.3959754705429077,0.6513881087303162,0.3093228340148926,0.6514251232147217,0.23162636160850525,0.685276985168457,0.5665126442909241,0.7262731194496155,0.4743647575378418,0.7502480149269104,0.40788882970809937,0.767189621925354,0.34495818614959717
0.3318283259868622,0.9288688898086548,0.44973504543304443,0.8986793756484985,0.5510532855987549,0.8404478430747986,0.640836238861084,0.8052436113357544,0.7233521938323975,0.7952197194099426,0.4946305751800537,0.5910110473632812,0.5489460229873657,0.4404783844947815,0.5826303958892822,0.3471512794494629,0.6098148822784424,0.26430800557136536,0.4279860556125641,0.556923508644104,0.4717656672000885,0.38197535276412964,0.5021224617958069,0.2684115469455719,0.5261833071708679,0.17428967356681824,0.3544408082962036,0.5615017414093018,0.37447378039360046,0.39569228887557983,0.39034149050712585,0.2835492789745331,0.4047519564628601,0.18905064463615417,0.27556782960891724,0.5972102880477905,0.2591632902622223,0.4604681730270386,0.2465679943561554,0.3716282248497009,0.23839092254638672,0.2860623300075531
0.37093058228492737,0.8580508828163147,0.4852885603904724,0.8336318135261536,0.577713668346405,0.7781023979187012,0.6603102087974548,0.751568078994751,0.7438409924507141,0.7368097305297852,0.5178293585777283,0.5446845293045044,0.5685892105102539,0.40293657779693604,0.6036429405212402,0.3081062138080597,0.6303955912590027,0.2273271679878235,0.4543122947216034,0.5158352255821228,0.4916028678417206,0.34018903970718384,0.5183260440826416,0.22881749272346497,0.5371900200843811,0.1366540491580963,0.38576382398605347,0.5243813991546631,0.3942936658859253,0.36103081703186035,0.4016492962837219,0.24981403350830078,0.40935689210891724,0.1569070816040039,0.31566867232322693,0.5611553192138672,0.2877430021762848,0.43359723687171936,0.26948681473731995,0.3467147648334503,0.25795015692710876,0.262662798166275
0.39795124530792236,0.9352759122848511,0.5105135440826416,0.9132611155509949,0.6229087114334106,0.8585661053657532,0.7216776013374329,0.8347994089126587,0.8121678829193115,0.836293637752533,0.5736569166183472,0.584640383720398,0.6300379037857056,0.4371824562549591,0.6663328409194946,0.34687599539756775,0.6979591250419617,0.26644983887672424,0.5013275742530823,0.5480289459228516,0.5433133244514465,0.36806875467300415,0.5719953179359436,0.25434213876724243,0.5956059694290161,0.15860533714294434,0.4276355504989624,0.5552866458892822,0.4449949860572815,0.3819735050201416,0.45659202337265015,0.2659496068954468,0.469621866941452,0.16366636753082275,0.35158148407936096,0.5983998775482178,0.3336612582206726,0.46389567852020264,0.3235554099082947,0.36988264322280884,0.3192563056945801,0.277442067861557
0.5010822415351868,0.8824160695075989,0.5916293859481812,0.8372737765312195,0.6749627590179443,0.7614558935165405,0.7495986819267273,0.7143217921257019,0.8202693462371826,0.6971436142921448,0.6128244400024414,0.5505470633506775,0.6570380926132202,0.42573773860931396,0.6798091530799866,0.34864234924316406,0.695182204246521,0.28081169724464417,0.5537527203559875,0.5320765376091003,0.586085855960846,0.38079017400741577,0.6015903949737549,0.28707000613212585,0.6104307174682617,0.21016600728034973,0.4930720627307892,0.5461381673812866,0.5044466853141785,0.40339356660842896,0.5127970576286316,0.3141326606273651,0.520702064037323,0.23643440008163452,0.4296075999736786,0.5880334973335266,0.40711066126823425,0.48192089796066284,0.3918863534927368,0.4111941456794739,0.38070163130760193,0.3411256968975067
0.7206085920333862,0.8732496500015259,0.6464322805404663,0.8455759286880493,0.578342080116272,0.7881098389625549,0.5214283466339111,0.7397720813751221,0.4676264822483063,0.7142022252082825,0.6283928751945496,0.6147786974906921,0.597550630569458,0.5063011646270752,0.5798630118370056,0.4358674883842468,0.5690518617630005,0.37375691533088684,0.681786298751831,0.5990995168685913,0.6685848832130432,0.4667700529098511,0.6615116596221924,0.3805442154407501,0.6565138101577759,0.30649393796920776,0.733817994594574,0.6135621070861816,0.7396378517150879,0.49072176218032837,0.739972710609436,0.4089515805244446,0.7376280426979065,0.3364371061325073,0.7847358584403992,0.6503315567970276,0.8204139471054077,0.5651731491088867,0.8424230813980103,0.5033305287361145,0.857842206954956,0.44493526220321655
0.7274515628814697,0.8793780207633972,0.6539037227630615,0.8489641547203064,0.5860798358917236,0.7889580130577087,0.5269626975059509,0.7410808205604553,0.47029316425323486,0.7157208323478699,0.6368509531021118,0.6103861927986145,0.6066320538520813,0.5009472370147705,0.5894877314567566,0.42815911769866943,0.5794323086738586,0.364761084318161,0.6907234787940979,0.5944591760635376,0.6782769560813904,0.461108922958374,0.6719604730606079,0.3738722801208496,0.667872965335846,0.299044132232666,0.7435312271118164,0.609805703163147,0.7488481402397156,0.4863969087600708,0.7490347027778625,0.4054989516735077,0.7470221519470215,0.33280566334724426,0.7946330904960632,0.6488874554634094,0.8353804349899292,0.5649459362030029,0.8623595237731934,0.503098726272583,0.8827452063560486,0.4438440799713135
0.45854663848876953,0.8312355875968933,0.5378498435020447,0.792004406452179,0.6042821407318115,0.7201975584030151,0.657464325428009,0.6634328365325928,0.7113286256790161,0.6268702745437622,0.5431411266326904,0.5392781496047974,0.5750184655189514,0.43068403005599976,0.5940007567405701,0.36418017745018005,0.6075749397277832,0.30430692434310913,0.4933817982673645,0.5249598622322083,0.5140867829322815,0.39453548192977905,0.5266677737236023,0.3116960823535919,0.5347998738288879,0.24077081680297852,0.44524040818214417,0.5402291417121887,0.4488288164138794,0.4171604812145233,0.45230698585510254,0.3374990224838257,0.4558008313179016,0.2653651833534241,0.3967990577220917,0.5809037089347839,0.37814608216285706,0.4870366156101227,0.36510562896728516,0.42294901609420776,0.35446876287460327,0.3585560917854309
0.48529887199401855,0.861920952796936,0.5671164393424988,0.826808512210846,0.6401139497756958,0.7580656409263611,0.7021260857582092,0.7123972773551941,0.7626816034317017,0.6897445321083069,0.5873827338218689,0.5689597129821777,0.6186919212341309,0.4534693956375122,0.6387304663658142,0.38313597440719604,0.6531137228012085,0.3205750286579132,0.5340934991836548,0.554527223110199,0.5551795363426208,0.416562557220459,0.567241370677948,0.3315647542476654,0.5732426047325134,0.2611982226371765,0.4825902581214905,0.5705728530883789,0.48881223797798157,0.44036638736724854,0.49090492725372314,0.3561846613883972,0.4909578561782837,0.28176096081733704,0.43019747734069824,0.6128221154212952,0.41429227590560913,0.5093708038330078,0.4011877179145813,0.4434589445590973,0.38946688175201416,0.3788158893585205
0.4764494001865387,0.8746360540390015,0.5587789416313171,0.8356741666793823,0.6340605616569519,0.7668865919113159,0.6970153450965881,0.7203485369682312,0.7556777000427246,0.6928024888038635,0.5753111839294434,0.579147458076477,0.6119058132171631,0.46360138058662415,0.6353142261505127,0.3916673958301544,0.6523174047470093,0.3272990584373474,0.5211864709854126,0.5628985166549683,0.5480993390083313,0.4209974408149719,0.5635676383972168,0.33266228437423706,0.5722740292549133,0.25828903913497925,0.468195378780365,0.5780993700027466,0.4744511544704437,0.446029931306839,0.47697630524635315,0.3561570346355438,0.4781598150730133,0.2767639458179474,0.41459333896636963,0.6203861832618713,0.39073076844215393,0.5174129009246826,0.37232643365859985,0.4492330253124237,0.356529176235199,0.3814621567726135
0.715704083442688,0.8720262050628662,0.6418235898017883,0.8390644788742065,0.5724904537200928,0.7819022536277771,0.5096849799156189,0.7368152737617493,0.45284509658813477,0.7066158056259155,0.624527633190155,0.6075990796089172,0.5968891978263855,0.49587637186050415,0.5812152624130249,0.4254513382911682,0.5716551542282104,0.3643748462200165,0.6755329370498657,0.5932268500328064,0.6626852750778198,0.46260353922843933,0.6567339897155762,0.3795660436153412,0.6534807682037354,0.30802279710769653,0.7263052463531494,0.6067524552345276,0.7318026423454285,0.48500770330429077,0.7323100566864014,0.4081581234931946,0.730430006980896,0.33948448300361633,0.7763997316360474,0.6429972052574158,0.8148857951164246,0.5627250671386719,0.8388838768005371,0.5040504336357117,0.8567241430282593,0.44737017154693604
0.651254415512085,0.897835373878479,0.559967577457428,0.8661459684371948,0.46741020679473877,0.8029605150222778,0.3927851617336273,0.7601709961891174,0.3309766352176666,0.7404022216796875,0.5178269743919373,0.6131466031074524,0.4862942099571228,0.48521149158477783,0.4664791226387024,0.4056812524795532,0.4528585970401764,0.3357272148132324,0.5800992846488953,0.5898562073707581,0.5652174353599548,0.43787896633148193,0.5568803548812866,0.3382859528064728,0.5523070693016052,0.25420239567756653,0.6419980525970459,0.6008244156837463,0.6463284492492676,0.45941025018692017,0.6434371471405029,0.3676172196865082,0.6404526233673096,0.2851314842700958,0.7029343843460083,0.6410479545593262,0.7496596574783325,0.5471383929252625,0.7800391912460327,0.4773597717285156,0.804349422454834,0.410453736782074
0.6444332003593445,0.8901156187057495,0.5506610870361328,0.8637375831604004,0.45651325583457947,0.7986573576927185,0.37812721729278564,0.7500150203704834,0.31190937757492065,0.723055362701416,0.5053848028182983,0.6022228002548218,0.4708583950996399,0.4683752655982971,0.4516531527042389,0.382930189371109,0.440660685300827,0.30655571818351746,0.5680640339851379,0.5755279064178467,0.5483316779136658,0.41631758213043213,0.5374484062194824,0.3106507658958435,0.5316442251205444,0.22141027450561523,0.6316141486167908,0.5859758853912354,0.6338449716567993,0.4382680654525757,0.6297529339790344,0.3410849869251251,0.624950110912323,0.25315988063812256,0.6962066888809204,0.6259113550186157,0.7432568669319153,0.5245553255081177,0.7734863758087158,0.4500962793827057,0.796523928642273,0.3786085247993469
0.6275656223297119,0.8658939599990845,0.5354785323143005,0.8356025218963623,0.444522887468338,0.7712690234184265,0.36901164054870605,0.7224516868591309,0.30603641271591187,0.6908093690872192,0.4944079518318176,0.5713441967964172,0.4575246572494507,0.4395906925201416,0.43661051988601685,0.35602349042892456,0.42348164319992065,0.28110241889953613,0.5559399724006653,0.5456693768501282,0.537742018699646,0.39003151655197144,0.5276330709457397,0.2862653434276581,0.5223219394683838,0.19941240549087524,0.6176775693893433,0.5566434860229492,0.6201142072677612,0.4130905270576477,0.6158857941627502,0.31749221682548523,0.6121463775634766,0.2316519021987915,0.6788790822029114,0.5959712862968445,0.724418580532074,0.4959297180175781,0.7554713487625122,0.4237076938152313,0.7805601358413696,0.35443490743637085
0.4583556652069092,0.8653515577316284,0.5392340421676636,0.8182017803192139,0.607890248298645,0.7402593493461609,0.6632722616195679,0.6828718185424805,0.7131442427635193,0.6397465467453003,0.5490702390670776,0.5561634302139282,0.5849697589874268,0.4482901990413666,0.6046406626701355,0.38138118386268616,0.6182128190994263,0.320453941822052,0.49891427159309387,0.5415358543395996,0.525035560131073,0.4108617305755615,0.5382997393608093,0.3262143135070801,0.5468604564666748,0.2529459595680237,0.44835007190704346,0.5568918585777283,0.4584503769874573,0.430761456489563,0.46228381991386414,0.3500640392303467,0.46591848134994507,0.2777111232280731,0.3953242301940918,0.5979437828063965,0.3710198402404785,0.5036378502845764,0.3543424606323242,0.43938833475112915,0.3419482707977295,0.37413138151168823
0.47506099939346313,0.898100733757019,0.560407280921936,0.8635450601577759,0.635147750377655,0.804115355014801,0.6997822523117065,0.7711443901062012,0.762593150138855,0.7572646141052246,0.5821614265441895,0.5983330607414246,0.623776912689209,0.4832651615142822,0.6493180990219116,0.41111159324645996,0.6679890155792236,0.34483635425567627,0.5276026129722595,0.5789926052093506,0.5565257668495178,0.4386317729949951,0.5727885961532593,0.3490966260433197,0.5824507474899292,0.27107101678848267,0.47233420610427856,0.5935189723968506,0.4792479872703552,0.459966778755188,0.48272037506103516,0.36915308237075806,0.4846704304218292,0.28728431463241577,0.41517579555511475,0.6363680958747864,0.3890729546546936,0.5329010486602783,0.37073004245758057,0.46493303775787354,0.35528266429901123,0.39696192741394043
0.47026631236076355,0.9275085926055908,0.5573535561561584,0.8927085995674133,0.6370654702186584,0.8236623406410217,0.7072066068649292,0.7801992893218994,0.7744365930557251,0.7616154551506042,0.5789301991462708,0.6177056431770325,0.6182969808578491,0.49428820610046387,0.6407889723777771,0.41785353422164917,0.6558191776275635,0.34960228204727173,0.5221425890922546,0.6001389622688293,0.5511767268180847,0.45289257168769836,0.5673830509185791,0.36021688580513,0.5762749910354614,0.2816760241985321,0.4645974636077881,0.6159838438034058,0.47377511858940125,0.4755432605743408,0.4802643656730652,0.38310158252716064,0.4845433831214905,0.3016480803489685,0.4055076539516449,0.660402774810791,0.3793426752090454,0.5536313056945801,0.36090120673179626,0.4831046462059021,0.3450448513031006,0.4130990505218506
0.472726970911026,0.8242868185043335,0.4102369546890259,0.7777774930000305,0.35763776302337646,0.6914410591125488,0.3198821544647217,0.625796914100647,0.2889224886894226,0.5820634961128235,0.42393937706947327,0.5745480060577393,0.40678706765174866,0.4794102907180786,0.39824730157852173,0.42328745126724243,0.3941412568092346,0.3750966787338257,0.46459320187568665,0.568811297416687,0.46368172764778137,0.4646161198616028,0.4639112055301666,0.40110519528388977,0.4644209146499634,0.35171642899513245,0.5024229288101196,0.5848323702812195,0.5135766863822937,0.49013614654541016,0.5185310244560242,0.4325488805770874,0.5209329724311829,0.38270145654678345,0.5372155904769897,0.6168292164802551,0.5570282936096191,0.5498820543289185,0.568290114402771,0.5052692294120789,0.5784295797348022,0.46190446615219116
0.45492637157440186,0.8196918964385986,0.39290139079093933,0.7689384818077087,0.3429962992668152,0.6831480264663696,0.30466341972351074,0.6156167984008789,0.27496448159217834,0.567725419998169,0.4162587821483612,0.5660077333450317,0.401050865650177,0.46849384903907776,0.3927188217639923,0.41104185581207275,0.3892594575881958,0.36166882514953613,0.45809170603752136,0.5628524422645569,0.45977988839149475,0.45738810300827026,0.46112576127052307,0.3924199342727661,0.4628945291042328,0.34137240052223206,0.49579283595085144,0.5822673439979553,0.516356348991394,0.48903340101242065,0.5296050906181335,0.43005502223968506,0.5392504930496216,0.37899333238601685,0.5289775133132935,0.6186825633049011,0.5645549297332764,0.5592246055603027,0.5875145792961121,0.5183601975440979,0.6077018976211548,0.4782222509384155
0.4606158435344696,0.8034734725952148,0.40380457043647766,0.7525011897087097,0.3587956428527832,0.6713667511940002,0.32399195432662964,0.6043761372566223,0.29785728454589844,0.5536967515945435,0.43168753385543823,0.5594438314437866,0.41985318064689636,0.4619686007499695,0.41355544328689575,0.40304887294769287,0.4117767810821533,0.3535868525505066,0.47168055176734924,0.5570391416549683,0.4749193787574768,0.4549539089202881,0.47718364000320435,0.3917713761329651,0.4791601300239563,0.3422699272632599,0.5077466368675232,0.5763325095176697,0.5266240239143372,0.4862709641456604,0.536953866481781,0.4308197498321533,0.5434162020683289,0.38290393352508545,0.5396177768707275,0.612445056438446,0.5718989372253418,0.5552562475204468,0.5905309319496155,0.516025722026825,0.6063240170478821,0.47807830572128296
0.45433610677719116,0.8126001358032227,0.39783191680908203,0.7589149475097656,0.35318759083747864,0.6729316711425781,0.32081928849220276,0.604097843170166,0.2962643504142761,0.553249180316925,0.42816540598869324,0.5670022964477539,0.4193921387195587,0.4693368971347809,0.41475793719291687,0.41101914644241333,0.4143996238708496,0.3617878556251526,0.4685347378253937,0.5671122670173645,0.4741038680076599,0.46302372217178345,0.4780958294868469,0.3984489440917969,0.4817627966403961,0.3477446734905243,0.5041751861572266,0.5886822938919067,0.525973916053772,0.49843865633010864,0.5388393402099609,0.4409114718437195,0.5478203892707825,0.39106273651123047,0.534948468208313,0.6262463927268982,0.5681787133216858,0.5691510438919067,0.5886127352714539,0.5293626189231873,0.606194019317627,0.49041128158569336
